spotify_id,name
1Xyo4u8uXC1ZmMpatF05PJ,The Weeknd
0du5cEVh5yTK9QJze8zA0C,Bruno Mars
1HY2Jd0NmPuamShAr6KMms,Lady Gaga
6eUKZXaKkcviH0Ku9w2n3V,Ed Sheeran
1uNFoZAHBGtllmzznpCI3s,Justin Bieber
4gzpq5DPGxSnKTe4SA8HAU,Coldplay
6qqNVTkY8uBg9cP3Jd7DAH,Billie Eilish
5pKCCKE2ajJHZ9KAiaK11H,Rihanna
4q3ewBCX7sLwd24euuV69X,Bad Bunny
06HL4z0CvFAxyc27GXpf02,Taylor Swift
3TVXtAsR1Inumwj472S9r4,Drake
2YZyLoL8N0Wb9xBt1NhZWg,Kendrick Lamar
1Cs0zKBU1kc0i8ypK3B9ai,David Guetta
66CXWjxzNUsdJxJ2JdwvnR,Ariana Grande
7CajNmpbOovFoOoasH2HaY,Calvin Harris
7tYKF4w9nC0nq9CsPZTHyP,SZA
04gDigrS5kc9YWfZHwBETP,Maroon 5
1vyhD5VmyZ7KMfW5gqLgo5,J Balvin
74KM79TiuVKeVCqs8QtB0B,Sabrina Carpenter
246dkjvS1zLTtiykXe5h60,Post Malone
0EmeFodog0BfCgMzAIvKQp,Shakira
6jJ0s89eD6GaHleKKya26X,Katy Perry
6M2wZ9GZgrQXHCFfjv46we,Dua Lipa
5WUlDfRSoLAfcVSX1WnrxN,Sia
7dGJo4pcD2V6oG8kP0tJRR,Eminem
0Y5tJX1MQlPlqiwlOH1tJY,Travis Scott
0TnOYISbd1XYRBk9myaseg,Pitbull
1yxSLGMDHlW21z4YXirZDS,Black Eyed Peas
5K4W6rqBFWDnAN6FQUkS6x,Kanye West
00FQb4jTyendYWaN8pK0wa,Lana Del Rey
53XhwfbYqKCa1cC15pYq2q,Imagine Dragons
7bXgB6jMjp9ATFy66eO08Z,Chris Brown
5YGY8feqx7naU7z4HrwZM6,Miley Cyrus
6vWDO969PvNqNYHIOW5v0m,Beyoncé
45dkTj5sMRSjrmBSBeiHym,Tate McRae
790FomKkXshlbRYZFtlgla,KAROL G
22wbnEMDvgVIAGdFeek6ET,Benson Boone
4VMYDCV2IEDYJArk749S6m,Daddy Yankee
0fTSzq9jAh4c36UVb4V7CB,Alex Warren
5cj0lLjcoR7YOSnhnX0Po5,Doja Cat
64KEffDW9EtZ1y2vBYgq8T,Marshmello
7Ln80lUS6He07XvHI8qqHH,Arctic Monkeys
1RyvyyTE3xzB2ZywiAwp0i,Future
5Pwc4xIPtQLFEnJriah9YJ,OneRepublic
4dpARuHxo51G3z768sgnrY,Adele
6XyY86QOPPrYVGvF9ch6wz,Linkin Park
69GGBxA162lTqCwzJG5jLp,The Chainsmokers
3Isy6kedDrgPYoTS1dazA9,Sean Paul
2wY79sveU1sp5g7SokKOiI,Sam Smith
6LuN9FCkKOj5PcnpouEgny,Khalid
1dfeR4HaWDbWqFHLkxsg1d,Queen
1mcTU81TzQhprhouKaTkpq,Rauw Alejandro
55Aa2cqylxrFIXC767Z865,Lil Wayne
26VFTg2z8YR0cCuwLzESi2,Halsey
4G9NDjRyZFDlJKMRL8hx3S,sombr
3fMbdgg4jU18AjLCKBhRSm,Michael Jackson
3PhoLpVuITZKcymswpck5b,Elton John
4nDoRrQiYLoBzwC5BhVJzF,Camila Cabello
6LqNN22kT3074XbTVUrhzX,Kesha
6KImCVD70vtIoJWnq6nGn3,Harry Styles
33qOK5uJ8AR2xuQQAhHump,Teddy Swims
08GQAI4eElDnROBrJRGE0X,Fleetwood Mac
4YRxDV8wJFPHPTeXepOstw,Arijit Singh
7n2wHs1TKAczGzO7Dd2rGr,Shawn Mendes
0hCNtLu0JehylgoiP8L4Gh,Nicki Minaj
699OTQXzgjhIYAHMy9RyPD,Playboi Carti
2FXC3k01G6Gw61bmprjgqS,Hozier
0oOet2f43PA68X5RxKobEy,Shreya Ghoshal
1McMsnEElThX1knmY4oliG,Olivia Rodrigo
1i8SpTcr7yvPOmcqrbnVXY,Ozuna
0C8ZW7ezQVs4URX5aX7Kqx,Selena Gomez
31TPClRtHm23RisEBtV3X7,Justin Timberlake
1r4hJ1h58CWwUQe3MxPuau,Maluma
540vIaP2JwjQb9dm3aArA4,DJ Snake
3eVa5w3URK5duf6eyVDbu9,ROSÉ
1wRPtKGflJrBx9BmLsSwlU,Pritam
23zg3TcAtWQy7J6upgbUnj,USHER
4V8LLVI7PbaPR0K2TGSxFF,"Tyler, The Creator"
21E3waRsmPlU7jZsS13rcj,Ne-Yo
137W8MRPWKqSmrBGDBFSop,Wiz Khalifa
4AK6F7OLvEQ5QYCBNiQWHq,One Direction
0X2BH1fck6amBIoJhDVmmJ,Ellie Goulding
33ScadVnbm2X8kkUqOkC6Z,Don Omar
1mYsTxnqsietFxj1OgoGbG,A.R. Rahman
7iK8PXO48WeuP03g8YR51W,Myke Towers
4Gso3d4CscCijv0lmajZWs,Don Toliver
0L8ExT028jH3ddEcZwqJJ5,Red Hot Chili Peppers
250b0Wlc5Vk0CoUsaCY84M,JENNIE
1URnnhqYAYcrqrcwql10ft,21 Savage
0jnsk9HBra6NMjO2oANoPY,Flo Rida
329e4yvIujISKGKz1BZZbO,Farruko
0iEtIxbK0KxaSlF7G42ZOp,Metro Boomin
12GqGscKJx3aE4t07u7eVZ,Peso Pluma
1vCWHaC5f2uS3yhpwWbIA6,Avicii
26dSoYclwsYLMAKD3tpOr4,Britney Spears
7a0XAaPaK2aDSqa8p3QnC7,Beéle
2LRoIwlKmHjgvigdNGBHNo,Feid
2RdwBSPQiwcmiDo9kixcl8,Pharrell Williams
2o5jDhtHVPhrJdv3cEQ99Z,Tiësto
2tIP7SsRs7vjIcLrU85W8J,The Kid LAROI
7GlBOeep6PqTfFi59PTUUN,Chappell Roan
3q7HBObVc0L8jNeTe5Gofh,50 Cent
4tuJ0bMpJh08umKkEXKUI5,Gracie Abrams
77SW9BnxLY8rJ0RciFqkHh,The Neighbourhood
6VuMaDnrHyPL1p4EHjYLi7,Charlie Puth
6tbjWDEIzxoDsBA1FuhfPW,Madonna
4oUHIQIBe0LHzYfvXNW4QM,Morgan Wallen
4Z8W4fKeB5YxbusRsdQVPb,Radiohead
2hlmm7s2ICUX0LVIhVFlZQ,Gunna
7c0XG5cIJTrrAgEC3ULPiq,Ty Dolla $ign
3m5qlPf2OkihLz3dRYnkPA,Ovy On The Drums
7oPftvlwr6VrsViSDV7fJY,Green Day
1Yj5Xey7kTwvZla8sqdsdE,Cris MJ
1SupJlEpv7RS2tPNRaHViT,Nicky Jam
67FB4n52MgexGQIG8s0yUH,Lola Young
1KCSPY1glIKqW2TotWuXOR,P!nk
2h93pZq0e7k5yf4dywlkpM,Frank Ocean
13ubrt8QOOCPljQ2FL1Kca,A$AP Rocky
0ys2OFYzWYB5hRDLCsBqxt,Fuerza Regida
25uiPmTg16RbhZWAqwLBy5,Charli xcx
5NGO30tJxFlKixkPSgXcFE,The Police
0tmwSHipWxN12fsoLcFU3B,Manuel Turizo
3qm84nBOXUEQ2vnTfUTTFC,Guns N' Roses
4IWBUUAFIplrNtaOHcJPRM,James Arthur
7qG3b048QCHVRO5Pv1T5lw,Enrique Iglesias
0LcJLqbBmaGUft1e9Mm8HV,ABBA
5y8tKLUfMvliMe8IKamR32,d4vd
5fMUXHkw8R8eOP2RNVYEZX,Diplo
2R21vXR83lH98kGeO99Y66,Anuel AA
2sil8z5kiy4r76CRTXxBCA,The Goo Goo Dolls
1U1el3k54VvEUzo3ybLPlM,Kali Uchis
711MCceyCBcFnzjGY4Q7Un,AC/DC
3nFkdlSjzX9mRTtwJOzDYB,JAY-Z
0z4gvV4rjIZ9wHck67ucSV,Akon
67hb7towEyKvt5Z8Bx306c,Empire Of The Sun
6olE6TJLqED3rqDCT0FyPh,Nirvana
3xvaSlT4xsyk6lY1ESOspO,Disney
20wkVLutqVOYrc0kxFs7rA,Daniel Caesar
64M6ah0SkkRsnPGtGiRAbb,Bebe Rexha
6XkjpgcEsYab502Vr1bBeW,Grupo Frontera
1mBydYMVBECdDmMfE2sEUO,Sachin-Jigar
6l3HvQ5sa6mXTsMTB19rO5,J. Cole
2txHhyCwHjUEpJjWrEyqyX,Tom Odell
15UsOTVnJzReFVN1VCnxy4,XXXTENTACION
4npEfmQ6YuiwW1GpUmaq3F,Ava Max
1zNqQNIdeOUZHb8zbZRFMX,Swae Lee
2HPaUgqeutzr3jx5a9WyDV,PARTYNEXTDOOR
3WrFJ7ztbogyGnTHbHJFl2,The Beatles
6zFYqv1mOsgBRQbae3JJ9e,Billy Joel
163tK9Wjr9P9DmM0AVK7lm,Lorde
5lwmRuXgjX8xIwlnauTZIP,Romeo Santos
4GNC7GD6oZMSxPGyXy4MNB,Lewis Capaldi
5RTLRtXjbXI2lSXc6jxlAz,Ravyn Lenae
07YZf4WDAMNwqr4jfgOZ8y,Jason Derulo
2DlGxzQSjYe5N6G9nkYghR,Jennifer Lopez
23fqKkggKUBHNkbKtXEls4,Kygo
4E2rKHVDssGJm2SCDOMMJB,Doechii
3DiDSECUqqY1AuBP8qtaIa,Alicia Keys
3JhNCzhSMTxs9WLGJJxWOY,Macklemore
1zNqDE7qDGCsyzJwohVaoX,Anne-Marie
2sSGPbdZJkaSE2AbcGOACx,The Marías
70B80Lwx2sxti0M1Ng9e8K,Udit Narayan
6ltzsmQQbmdoHHbLZ4ZN25,Lord Huron
3SozjO3Lat463tQICI9LcE,Tyla
3YQKmKGau1PzlVlkL1iodx,Twenty One Pilots
7FNnA9vBm6EKceENgCGRMb,Anitta
4iHNK0tOyZPYnBU7nGAgpQ,Mariah Carey
5f7VJjfbwm532GiveGC0ZK,Lil Baby
3hv9jJF3adDNsBSIQDqcjp,Mark Ronson
3IYUhFvPQItj6xySrBmZkd,Creedence Clearwater Revival
58lV9VcRSjABbAbfWS6skp,Bon Jovi
52iwsT98xCoGgiGntTiR7K,Quevedo
2jw70GZXlAI8QzWeY2bgRc,Nelly Furtado
6XpaIBNiVzIetEPCWDvAFP,Whitney Houston
6U1dV7aL68N7Gb0Naq34V5,REI AMI
5KKpBU5eC2tJDzf0wmlRp2,RAYE
3t5xRXzsuZmMDkQzgOX35S,Robin Schulz
4f7KfxeHq9BiylGmyXepGt,Tanishk Bagchi
2fMqTqiTxUDlmcOEPaQSsx,Amitabh Bhattacharya
2ye2Wgw4gimLv2eAKyk1NB,Metallica
1l7ZsJRRS8wlW3WfJfPfNS,Christina Aguilera
6pV5zH2LzjOUHaAvENdMMa,Neton Vega
0Wwji82sLA0Hcvtuak3omb,AUDREY NUNA
4kYSro6naA4h99UJvo89HB,Cardi B
7hJcb9fa4alzcOq3EaNPoG,Snoop Dogg
6Mv8GjQa7LKUGCAqa9qqdb,Vishal-Shekhar
2yNNYQBChuox9A5Ka93BIn,HUNTR/X
2DaxqgrOhkeH0fpeiQq2f4,Oasis
3DbwFQlvLxRSi2uX8mf81A,Sexyy Red
4MCBfE4596Uoi2O4DtmEMz,Juice WRLD
6MDME20pz9RveH9rEXvrOM,Clean Bandit
78895QQcLtTagD8auJBHfE,Major Lazer
738wLrAtLtCtFOLvQBXOXp,Major Lazer
74XFHRwlV6OrjEM0A2NCMF,Paramore
41MozSoPIsD1dJM0CLPjZF,BLACKPINK
3AA28KZvwAUcZuOKwyblJQ,Gorillaz
2QsynagSdAqZj3U9HgDzjD,Bob Marley & The Wailers
40ZNYROS4zLfyyBSs2PGe2,Zach Bryan
6S2OmqARrzebs0tKUEyXyp,Demi Lovato
0PFtn5NtBbbUNbU9EAmIWF,TOTO
3Z02hBLubJxuFJfhacLSDc,Bryan Adams
3AQRLZ9PuTAozP28Skbq8V,The Script
1QAJqy2dA3ihHBFIHRphZj,Cigarettes After Sex
5H1nN1SzW0qNeUEZvuXjAj,Danny Ocean
3Nrfpe0tUJi4K4DXYWgMUX,BTS
22bE4uQ6baNwSHPVcDxLCe,The Rolling Stones
50co4Is1HCEo8bhOyUWKpn,Young Thug
66ihevNkSYNzRAl44dx6jJ,Carín León
2OFij1ppCwYFCOTq7vzafi,bees & honey
3ebS2RuCq8QeLyndUDmgB5,WizTheMc
5INjqkS1o8h1imAzPqGZBb,Tame Impala
7f5Zgnp2spUuuzKplmRkt7,Lost Frequencies
4fEkbug6kZzzJ8eYX6Kbbp,KK
4D75GcNG95ebPtNvoNVXhz,AFROJACK
1SJOL9HJ08YOn92lFcYf8a,Shankar Mahadevan
4fxd5Ee7UefO4CUXgwJ7IP,GIVĒON
6nVcHLIgY5pE2YCl8ubca1,JHAYCO
5PlfkPxwCpRRWQJBxCa0By,HUGEL
1moxjboGR7GNWYIMWsRjgG,Florence + The Machine
4ScCswdRlyA23odg9thgIO,Jess Glynne
19k8AgwwTSxeaxkOuCQEJs,Jelly Roll
3y2cIKLjiOlp1Np37WiUdH,Shaboozey
0C0XlULifJtAgn6ZNCW2eu,The Killers
37230BxxYs9ksS7OkZw3IU,Chencho Corleone
4lxfqrEsLX6N1N4OCSkILp,Phil Collins
7vk5e3vY1uw9plTHJAMwjN,Alan Walker
2oSONSC9zQ4UonDKnLqksx,Atif Aslam
5uwa6tAMMfNbBFIHiI6NV4,W Sound
5UJ2sHO2ELrgW6aXeRLTQQ,Chinmayi
1iCnM8foFssWlPRLfAbIwo,Gigi Perez
4YLtscXsxbVgi031ovDDdh,Chris Stapleton
4r63FhuTkUYltbVAg5TQnk,DaBaby
0rvjqX7ttXeg3mTy8Xscbt,Journey
09UmIX92EUH9hAK4bxvHx6,Mithoon
5rSXSAkZ67PYJSvpUpkOr7,Backstreet Boys
1Xylc3o4UrD53lo9CvFvVg,Zara Larsson
73sIBHcqh3Z3NyqHKZ7FOL,Childish Gambino
3aQeKQSyrW4qWr35idm0cy,T-Pain
7t0rwkOPGlDPEhaOcVtOt9,The Cranberries
46SHBwWsqBkxI7EeeBEQG7,Kodak Black
4SsVbpTthjScTS7U2hmr1X,Arcángel
1h6Cn3P4NGzXbaXidqURXs,Swedish House Mafia
1LZEQNv7sE11VDY3SdxQeN,Bee Gees
4Ga1P7PMIsmqEZqhYZQgDo,Lil Tecca
4O15NlyKLIASxsJ0PrXPfz,Lil Uzi Vert
2LIk90788K0zvyj2JJVwkJ,Jack Harlow
0L5GV6LN8SWWUWIdBbTLTZ,Shankar-Ehsaan-Loy
0p4nmQO2msCgU4IF37Wi3j,Avril Lavigne
6nS5roXSAGhTGr34W6n7Et,Disclosure
3wcj11K77LjEY1PkEazffa,Burna Boy
1OFOShsIbhy1l5x73yuVyB,Shenseea
3gBKY0y3dFFVRqicLnVZYz,Alka Yagnik
4LLpKhyESsyAXpc4laK94U,Mac Miller
718COspgdWOnwOFpJHRZHS,Luke Combs
4Uc8Dsxct0oMqx0P6i60ea,Conan Gray
4obzFoKoKRHIphyHzJ35G3,Becky G
3c0gDdb9lhnHGFtP4prQpn,KATSEYE
7CvTknweLr9feJtRGrpDBy,FloyyMenor
5H4yInM5zmHqpKIoMNAx4r,Central Cee
716NhGYqD1jl2wI1Qkgq36,Bizarrap
2RQXRUsr4IW1f3mKyKsy4B,Noah Kahan
5me0Irg2ANcsgc93uaYrpb,The Notorious B.I.G.
7Ey4PD4MYsKc5I2dolUwbH,Aerosmith
5ZsFI1h6hIdQRw2ti0hz81,ZAYN
1pBLC0qVRTB5zVMuteQ9jJ,Lily-Rose Depp
0ECwFtbIWEVNwjlrfc6xoL,Eagles
7JBaynR7JFeniONqbnn1U4,Andrew Choi
0k17h0D3J5VfsdmQ1iZtE9,Pink Floyd
5LHRHt1k9lMyONurDHEdrp,Tyga
360IAlyVv4PCEVjgyMZrxK,Miguel
0NGAZxHanS9e0iNHpR8f2W,Alok
6JL8zeS1NmiOftqZTRgdTz,Meghan Trainor
4yvcSjfu4PC0CYQyLy4wSq,Glass Animals
0WwSkZ7LtFUFjGjMZBMt6T,Dire Straits
4QQgXkCYTt3BlENzhyNETg,"Earth, Wind & Fire"
4UXqAaa6dQYAk18Lv7PEgX,Fall Out Boy
78rUTD7y6Cy67W1RVzYs7t,PinkPantheress
2gBjLmx6zQnFGQJCAQpRgw,Nelly
1G9G7WwrXka3Z1r7aIDjI7,Outkast
1ZwdS5xdxEREPySFridCfh,2Pac
5FkUhnHQ0KC63549LHHtst,Skillibeng
6deZN1bslXzeGvOLaLMOIF,Nickelback
5y2Xq6xcjJb2jVM54GHK3t,John Legend
02kJSzxNuaWGqwubyUba0Z,G-Eazy
181bsRPaVXVlUKXrxwZfHK,Megan Thee Stallion
2hVWBpjLW4Q7fboYz2pVYK,MOLIY
07YUOmWljBTXwIseAUd9TW,Sebastian Yatra
3bO19AOone0ubCsfDXDtYt,Myles Smith
6vXTefBL93Dj5IqAWq6OTv,French Montana
2qoQgPAilErOKCwE2Y8wOG,GloRilla
60d24wfXkVzDSfLS6hyCjZ,Martin Garrix
2oQX8QiMXOyuqbcZEFsZfm,El Alfa
57vWImR43h4CaDao012Ofp,Steve Lacy
4V8Sr092TqfHkfAA5fXXqG,Luis Fonsi
35l9BRT7MXmM8bv2WDQiyB,beabadoobee
2jzc5TC5TVFLXQlBNiIUzE,a-ha
28gNT5KBp7IjEOQoevXf9N,Camilo
77tT1kLj6mCWtFNqiOmP9H,Daryl Hall & John Oates
0GM7qgcRCORpGnfcN2tCiB,Tainy
4tZwfgrHOc3mvqYlEYSvVi,Daft Punk
0elWFr7TW8piilVRYJUe4P,Natanael Cano
6DPYiyq5kWVQS4RGwxzPC7,Dr. Dre
7Gi6gjaWy3DxyilpF1a8Is,Junior H
5eAWCfyUhZtHHtBdNk56l1,System Of A Down
2jSGzJw0ebJLu7OLVSOcBP,Plan B
3eqjTLE0HfPfh78zjh6TqT,Bruce Springsteen
0fA0VVWsXO9YnASrzqfmYu,Kid Cudi
5M52tdBnJaKSvOpJGz8mfZ,Black Sabbath
7o95ZoZt5ZYn31e9z1Hc0a,Natasha Bedingfield
11pXvO7wYuzRWYONDOBd33,Danny Chung
10exVja0key0uqUkk6LJRT,Vance Joy
0BJ2EjOqcfgFvlZXNKrNbE,Saja Boys
21451j1KhjAiaYKflxBjr1,Zion & Lennox
1qto4hHid1P71emI6Fd8xi,Aventura
1eDupbD9kIx8UaZlzcBG5r,samUIL Lee
2RYonYiVhhzBz82UFXOvEN,KEVIN WOO
5bXNU0MAF2HSqyFPhYtscH,Neckwav
5eumcnUkdmGvkvcsx1WFNG,Tito Double P
0c173mlxpT3dSFRgMO8XPh,Big Sean
3l9G1G9MxH6DaRhwLklaf5,Oscar Maydon
5EvFsr3kj42KNv97ZEnqij,Shaggy
0cGUm45nv7Z6M6qdXYQGTX,Kehlani
5CiGnKThu5ctn9pBxv7DGa,benny blanco
6Xgp2XMz1fhVYe7i6yNAax,Trippie Redd
0sSxphmGskGCKlwB9xa6WU,Himesh Reshammiya
77ziqFxp5gaInVrF2lj4ht,Sech
2kxP07DLgs4xlWz8YHlvfh,NIKI
6U3ybJ9UHNKEdsH7ktGBZ7,JID
0u6GtibW46tFX7koQ6uNJZ,Topic
7okwEbXzyT2VffBmyQBWLz,Maná
6ydoSd3N2mwgwBHtF6K7eX,Calum Scott
19LIHDDSHBD5NyYHI3gpzB,Shilpa Rao
4MVyzYMgTwdP7Z49wAZHx0,Lynyrd Skynyrd
2jku7tDXc6XoB6MO2hFuqg,Tory Lanez
4bthk9UfsYUYdcFyqxmSUU,Tears For Fears
4cAERazLlAzVGA10ORWaUP,Manoj Muntashir
1dVygo6tRFXC8CSWURQJq2,Sonu Nigam
3E12tRURRvPfHz0hAMCFYc,Omar Courtz
53A0W3U0s8diEn9RhXQhVz,Keane
3eDT9fwXKuHWFvgZaaYC5v,Sunidhi Chauhan
11kt6ggsdxvI8MhyeSMKom,CYRIL
1wZtkThiXbVNtj6hee6dz9,Wisin & Yandel
7j6DKwmjbxvpQO8h914uEz,Ryan Castro
2myuqB0gKAo75dE2eSWgzt,Silent Addy
4wLXwxDeWQ8mtUIRPxGiD6,Marc Anthony
3FUY2gzHeIiaesXtOAdB7A,Train
7n2Ycct7Beij7Dj7meI4X0,TWICE
0Q8NcsJwoCbZOHHW63su5S,Mora
2uYWxilOVlUdk4oV9DvwqK,Mitski
2qk9voo8llSGYcZ6xrBzKx,Kings of Leon
46pWGuE3dSwY3bMMXGBvVS,Rema
1SyKki7JI1AZNKwgNMkn25,Sachet-Parampara
5Y5TRrQiqgUO4S36tzjIRZ,Timbaland
5SCDfg1YoEfI5gFtXqEWah,ATLXS
7EQ0qTo7fWT7DPxmxtSYEc,Bastille
4QFG9KrGWEbr6hNA58CAqE,Alemán
5GnnSrwNCGyfAU4zuIytiS,Mohit Chauhan
0QHgL1lAIqAw0HtD7YldmP,DJ Khaled
3tJnB0s6c3oXPq1SCCavnd,Marco Antonio Solís
5LfGQac0EIXyAN8aUwmNAQ,The Offspring
0lAWpj5szCSwM4rUMHYmrr,Måneskin
4W91bbPB2CTSsHwt7eqNl7,Javed Ali
3WGpXCj9YhhfX11TToZcXP,Troye Sivan
4e0nWw2r4BoQSKPQ2zpU13,Ray Dalton
20JZFwl6HVl6yg8a4H3ZqK,Panic! At The Disco
7uIbLdzzSEqnX0Pkrb56cR,Yo Yo Honey Singh
6WOdPJmexxFINcKMkP2jMG,Sachet Tandon
2IMZYfNi21MGqxopj9fWx8,Rels B
16oZKvXb6WkQlVAjwo2Wbg,The Lumineers
5nGIFgo0shDenQYSE0Sn7c,Evanescence
0NIIxcxNHmOoyBx03SfTCD,Tinashe
4zCH9qm4R2DADamUHMCa6O,Anirudh Ravichander
43ZHCT0cAZBISjO8DG9PnE,Elvis Presley
7jy3rLJdDQY21OgRLCZ9sD,Foo Fighters
6qxpnaukVayrQn6ViNvu9I,BigXthaPlug
7vXDAI8JwjW531ouMGbfcp,TINI
7ltDVBr6mKbRvohxheJ9h1,ROSALÍA
5JZ7CnR6gTvEMKX4g70Amv,Lauv
2EMAnMvWE2eb56ToJVfCWs,Bryson Tiller
6S0dmVVn4udvppDhZIWxCr,Sean Kingston
5sUrlPAHlS9NEirDB8SEbF,Alejandro Sanz
0eHQ9o50hj6ZDNBt6Ys1sD,Yandel
0Y6dVaC9DZtPNH4591M42W,TV Girl
7pbDxGE6nQSZVfiFdq9lOL,Rex Orange County
1TA5sGRlKUJXBN4ZyJuDIX,Blessd
1E6arsXf5Fgsnv9YpSzjpE,Parampara Tandon
36QJpDe2go2KgaRleHCDTp,Led Zeppelin
57LYzLEk2LcFghVwuWbcuS,Summer Walker
51Blml2LZPmy7TTiAg47vQ,U2
3Sz7ZnJQBIHsXLUSo0OQtM,Mac DeMarco
2loEsOijJ6XiGzWYFXMIRk,Adam Port
5p9HO3XC5P3BLxJs5Mtrhm,Djo
3qsKSpcV3ncke3hw52JSMB,Young Miko
2gsggkzM5R49q6jpPvazou,Jessie J
7FBcuc1gsnv6Y1nwFtNRCb,My Chemical Romance
6Sbl0NT50roqWvy746MfVf,Gabito Ballesteros
5wJ1H6ud777odtZl5gG507,Vishal Mishra
6USv9qhCn6zfxlBQIYJ9qs,Dominic Fike
4KWTAlx2RvbpseOGMEmROg,R.E.M.
3tlXnStJ1fFhdScmQeLpuG,Brent Faiyaz
2YRyPiW98bpkARAS4B3OQP,Dei V
7guDJrEfX3qb6FEbdPA5qi,Stevie Wonder
4yiQZ8tQPux8cPriYMWUFP,Gwen Stefani
5BcAKTbp20cv7tC5VqPFoC,Macklemore & Ryan Lewis
0y59o4v8uw5crbN9M3JiL1,Badshah
4bL2B6hmLlMWnUEZnorEtG,Felix Jaehn
3jK9MiCrA42lLAdMGUZpwa,Anderson .Paak
0pePYDrJGk8gqMRbXrLJC8,Luis R Conriquez
1tqysapcCh1lWEAc9dIFpa,Jubin Nautiyal
4DWuml4Jf6K81b5rAPwMb6,Clementine Douglas
165ZgPlLkK7bf5bDoFc6Sb,Limp Bizkit
7jVv8c5Fj3E9VhNjxT4snq,Lil Nas X
09cKncAQn28NqTUORLMwSR,Ariis
7cYEt1pqMgXJdq00hAwVpT,Chase Atlantic
47zz7sob9NUcODy0BTDvKx,Sade
7gOdHgIoIKoe4i9Tta6qdD,Jonas Brothers
6oMuImdp5ZcFhWP0ESe6mG,Migos
3koiLjNrgRTNbOwViDipeA,Marvin Gaye
05etL4pzWd6TSv1x5WrlG3,Faheem Abdullah
2feDdbD5araYcm6JhFHHw7,Labrinth
5ENS85nZShljwNgg4wFD7D,Gabry Ponte
2FKWNmZWDBZR4dE5KX4plR,Diljit Dosanjh
0zOcE3mg9nS6l3yxt1Y0bK,The Fray
3UTF2no3muGdiFXVujl94i,Kapo
7HCqGPJcQTyGJ2yqntbuyr,Amit Trivedi
2BTZIqw0ntH9MvilQ3ewNY,Cyndi Lauper
6CXEwIaXYfVJ84biCxqc9k,Vishal Dadlani
4eq1q0o9XPyNq9RG3fNDD1,Yorghaki
61JrslREXq98hurYL2hYoc,Lata Mangeshkar
6Xb4ezwoAQC4516kI89nWz,Imogen Heap
3TOqt5oJwL9BE2NG9MEwDa,Disturbed
7gW0r5CkdEUMm42w9XpyZO,Laufey
6Q192DXotxtaysaqNPy5yR,Amy Winehouse
0XwVARXT135rw8lyw1EeWP,Christian Nodal
6IRouO5mvvfcyxtPDKMYFN,Foreigner
3MZsBdqDrRTJihTHQrO6Dq,Joji
3l0CmX0FuQjFxr8SK7Vqag,Clairo
4phGZZrJZRo4ElhRtViYdl,Jason Mraz
12Chz98pHFMPJEknJQMWvI,Muse
57nPqD7z62gDdq37US9XJR,Arcane
3GBSge8pq7mpezUQl0GAOA,Kausar Munir
0xliTEbFfy5HQHvsTknTkX,Alphaville
3yY2gUcIsjMr8hjo51PoJ8,The Smiths
3hcs9uc56yIGFCSy9leWe7,Lil Durk
3ZxZ03fj3tXBZHZWzvaLSM,Neeti Mohan
5he5w2lnU9x7JFhnwcekXX,Skrillex
3EiLUeyEcA6fbRPSHkG5kb,De La Ghetto
7gP3bB2nilZXLfPHJhMdvc,Foster The People
5XJDexmWFLWOkjOEjOVX3e,Eladio Carrion
19ra5tSw0tWufvUp8GotLo,George Michael
6Dd3NScHWwnW6obMFbl1BH,Daya
1pQWsZQehhS4wavwh7Fnxd,Lenny Tavárez
0vR2qb8m9WHeZ5ByCbimq2,Reik
1VJ0briNOlXRtJUAzoUJdt,FISHER
2mpeljBig2IXLXRAFO9AAs,Dido
5Rl15oVamLq7FbSb0NNBNy,5 Seconds of Summer
0GOx72r5AAEKRGQFn3xqXK,GIMS
3DeOmVSmpv7WknXoo1OS8p,Alleh
3dN9MQpjIyNxyeRfz4EDZe,Rochak Kohli
0SwO7SWeDHJijQ3XNS7xEE,MGMT
6sFIWsNpZYqfjUpaCgueju,Carly Rae Jepsen
7me0S5Z40qVWj3gzyK8aC3,Mc Livinho
1DxLCyH42yaHKGK3cl5bvG,Maria Becerra
2wUjUUtkb5lvLKcGKsKqsR,Alessia Cara
3vQ0GE3mI0dAaxIMYe5g7z,Paulo Londra
3y24n3XhZ96wgwRXjvS17T,Coolio
6FBDaR13swtiWwGhX1WQsP,blink-182
1IFAU4mznUcfPVP9z2c24N,Daecolm
5YFS41yoX0YuFY39fq21oN,Bob Sinclar
2UZIAOlrnyZmyzt1nuXr9y,Nicki Nicole
757aE44tKEUQEqRuT6GnEB,Roddy Ricch
4vhNDa5ycK0ST968ek7kRr,Carlos Vives
26WKgv73kRHD0gEDKD1i8j,Keinemusik
5ndkK3dpZLKtBklKjxNQwT,B.o.B
7bu3H8JO7d0UbMoVzbo70s,The Cure
5bQ3wFgekuIMIcWJuxkqLK,Chrystal
2r7VkUHfCtvbQ7UMF3WUe4,YoungBoy Never Broke Again
7wlFDEWiM5OoIAt8RSli8b,YoungBoy Never Broke Again
3MHaV05u0io8fQbZ2XPtlC,Prince Royce
3QSQFmccmX81fWCUSPTS7y,Dean Lewis
3BmGtnKgCSGYIUhmivXKWX,Kelly Clarkson
4oLeXFyACqeem2VImYeBFe,Fred again..
2nszmSgqreHSdJA3zWPyrW,Luis Miguel
32vWCbZh0xZ4o9gkz4PsEU,Dolly Parton
5gZhfbckaWo89OzDSk3gdT,Jaani
2yLzlEFtIS0Q9UkyBZdQA7,Jessie Murph
47mIJdHORyRerp4os813jD,League of Legends
164Uj4eKjl6zTBKfJLFKKK,JVKE
76fuWYgIf3TVIopTs3vaJ6,Amaal Mallik
6XjgqvaVLUib6lCerbZrYD,Stryv
3KV3p5EY4AvKxOlhGHORLg,Jeremih
71hjb5G92mGoKRSAW3Cj00,Anu Malik
2SHhfs4BiDxGQ3oxqf0UHY,Roxette
3mIj9lX2MWuHmhNCA7LSCW,The 1975
5L1lO4eRHmJ7a0Q6csE5cT,LISA
4S9EykWXhStSc15wEx8QFK,Céline Dion
7hQmAXAzWI6D350VTgkKTG,Arash
6q29t5RuXxlBuqIZsOMQss,Priya Saraiya
